<?xml version="1.0" encoding="UTF-8"?>
<root>


 

<date><id>1</id><nume>Henna</nume><descriere>rosie</descriere><cantitate>30ml</cantitate><bucati>10</bucati><view>view.php?id=1</view><edit>edit.php?id=1</edit><delete>delete.php?id=1</delete><confirm>return confirm("Are you sure you want to delete this item?")</confirm><back>schema.php</back></date><date><id>2</id><nume>Henna</nume><descriere>galbena</descriere><cantitate>40ml</cantitate><bucati>2</bucati><view>view.php?id=2</view><edit>edit.php?id=2</edit><delete>delete.php?id=2</delete><confirm>return confirm("Are you sure you want to delete this item?")</confirm><back>schema.php</back></date><date><id>3</id><nume>Henna</nume><descriere>albastra</descriere><cantitate>100ml</cantitate><bucati>1</bucati><view>view.php?id=3</view><edit>edit.php?id=3</edit><delete>delete.php?id=3</delete><confirm>return confirm("Are you sure you want to delete this item?")</confirm><back>schema.php</back></date><date><id>4</id><nume>Henna</nume><descriere>neagra</descriere><cantitate>20ml</cantitate><bucati>12</bucati><view>view.php?id=4</view><edit>edit.php?id=4</edit><delete>delete.php?id=4</delete><confirm>return confirm("Are you sure you want to delete this item?")</confirm><back>schema.php</back></date></root>
