<?xml version="1.0" encoding="UTF-8"?>
<html xmlns="http://www.w3.org/1999/svg">
    <head>
        <title>MathML</title>
        <meta name="viewport" content="width=device-width, initial-scale=1.0"/>
    </head>

    <body>

        <math xmlns="http://www.w3.org/1998/Math/MathML">
        <msub>
            <mi>S</mi>
            <mi>n</mi>
        </msub>
        <mo>=</mo>
        <mfrac>
            <mrow>
            <mi>n</mi>
            </mrow>
            <mrow>
            <mn>2</mn>
            </mrow>
        </mfrac>
        <mrow>
            <mo>(</mo>
            <mn>2</mn>
            <mi>a</mi>
            <mo>+</mo>
            <mo>(</mo>
            <mi>n</mi>
            <mo>-</mo>
            <mn>1</mn>
            <mo>)</mo>
            <mi>d</mi>
            <mo>)</mo>
        </mrow>
        </math>



        

   <svg width="200" height="200" xmlns="http://www.w3.org/2000/svg">
    <g>
        <rect x="20" y="20" width="150" height="100" stroke="blue" stroke-width="4" fill="orange" />
    </g>
</svg>

        
      
</body>
</html>