<?xml version="1.0" encoding="UTF-8"?>
<root>
    

<date><id>1</id><title>Henna Neagra</title><src>./images_XML/h_neagra.jpg</src><view>view.php?id=1</view><edit>edit.php?id=1</edit><delete>delete.php?id=1</delete><confirm>return confirm("Are you sure you wantto delete this item?")</confirm><back>index.php</back></date><date><id>2</id><title>Henna galbena</title><src>./images_XML/e37810584ff5d79868c26d3fb4494bb8h_galbena.jpeg</src><view>view.php?id=2</view><edit>edit.php?id=2</edit><delete>delete.php?id=2</delete><confirm>return confirm("Are you sure you wantto delete this item?")</confirm><back>index.php</back></date><date><id>3</id><title>Henna rosie</title><src>./images_XML/c67b84cb6532d2001463eeb06959429eh_rosie.jpeg</src><view>view.php?id=3</view><edit>edit.php?id=3</edit><delete>delete.php?id=3</delete><confirm>return confirm("Are you sure you wantto delete this item?")</confirm><back>index.php</back></date></root>
