<?xml version="1.0" encoding="UTF-8"?>
<root>
<date>
    <username>daria</username>
    <password>Asdfg</password>
    <email>daria@gmail.com</email>
</date><date>
    <username>admin</username>
    <password>admin</password>
    <email>admin@gmail.com</email>
</date><date>
    <username>test</username>
    <password>1234</password>
    <email>test@gmail.com</email>
</date><date>
    <username>facultate</username
        ><password>1234</password>
        <email>facultate@gmail.com</email>
    </date><date>
        <username>sss</username>
        <password>1234</password>
        <email>sarah.lucy887@gmail.com</email>
    
    </date>


</root>
