<?xml version="1.0" encoding="UTF-8"?>
<root>


  

<date><id>1</id><nume>Inima de Cerneala</nume><culoare>negru</culoare><marime>medie</marime><stoc>12</stoc><view>view.php?id=1</view><edit>edit.php?id=1</edit><delete>delete.php?id=1</delete><confirm>return confirm("Are you sure you want to delete this item?")</confirm><back>schema.php</back></date><date><id>2</id><nume>Sange de Cerneala</nume><culoare>portocalie</culoare><marime>mare</marime><stoc>2</stoc><view>view.php?id=2</view><edit>edit.php?id=2</edit><delete>delete.php?id=2</delete><confirm>return confirm("Are you sure you want to delete this item?")</confirm><back>schema.php</back></date><date><id>3</id><nume>Moarte de Cerneala</nume><culoare>verde</culoare><marime>mica</marime><stoc>5</stoc><view>view.php?id=3</view><edit>edit.php?id=3</edit><delete>delete.php?id=3</delete><confirm>return confirm("Are you sure you want to delete this item?")</confirm><back>schema.php</back></date></root>
