<?xml version="1.0" encoding="UTF-8"?>
<root>
<date><id>1</id><title>Moarte de cerneala</title><src>./images_XML/7fed01e590eddc65c1327d8a21c55d6bcarte1.jpg</src><view>view.php?id=1</view><edit>edit.php?id=1</edit><delete>delete.php?id=1</delete><confirm>return confirm("Are you sure you wantto delete this item?")</confirm><back>index.php</back></date><date><id>2</id><title>Inima de cerneala</title><src>./images_XML/ad5f09d743fcfe7bd975d343e529ea72carte2.jpg</src><view>view.php?id=2</view><edit>edit.php?id=2</edit><delete>delete.php?id=2</delete><confirm>return confirm("Are you sure you wantto delete this item?")</confirm><back>index.php</back></date><date><id>3</id><title>Sange de cerneala</title><src>./images_XML/66c10a9807921c7de20dc27de4ea347ecarte3.jpg</src><view>view.php?id=3</view><edit>edit.php?id=3</edit><delete>delete.php?id=3</delete><confirm>return confirm("Are you sure you wantto delete this item?")</confirm><back>index.php</back></date></root>
