<?xml version="1.0" encoding="UTF-8"?>
<html xmlns="http://www.w3.org/1999/svg">
    <head>
        <title>MathML</title>
        <meta name="viewport" content="width=device-width, initial-scale=1.0"/>
    </head>

    <body>

        <svg width="300" height="480" xmlns="http://www.w3.org/2000/svg">
            <g>
                <rect x="10" y="10" width="200" height="100" stroke="red" stroke-width="6" fill="blue" />
            </g>
        </svg>
        <math xmlns="http://www.w3.org/1998/Math/MathML" display="block">
            <mrow>
              <mo>(</mo>
              <mi>f</mi>
              <mo>&#x22C5;</mo>
              <mi>g</mi>
              <mo>)</mo>
              <mo>'</mo>
              <mo>(</mo>
              <mi>x</mi>
              <mo>)</mo>
              <mo>=</mo>
              <mi>f</mi>
              <mo>'</mo>
              <mo>(</mo>
              <mi>x</mi>
              <mo>)</mo>
              <mo>&#x22C5;</mo>
              <mi>g</mi>
              <mo>(</mo>
              <mi>x</mi>
              <mo>)</mo>
              <mo>+</mo>
              <mi>f</mi>
              <mo>(</mo>
              <mi>x</mi>
              <mo>)</mo>
              <mo>&#x22C5;</mo>
              <mi>g</mi>
              <mo>'</mo>
              <mo>(</mo>
              <mi>x</mi>
              <mo>)</mo>
            </mrow>
          </math>
          

        

 
</body>
</html>