<?xml version="1.0" encoding="UTF-8"?>
<root>
<date>
    <id>1</id>
    <nume>Grigore Ionela</nume>
    <data>2.05.2026</data>
    <timp>12:00</timp>
    <view>xml/view.php?id=2</view>
    <edit>xml/edit.php?id=2</edit>
    <delete>xml/delete.php?id=2</delete>
    <confirm>return confirm("Are you sure you want to delete this item?")</confirm>
    <back>../booking-history.php</back>
</date>

<date>
    <id>2</id>
    <nume>Popescu Maria</nume>
    <data>11.05.2025</data>
    <timp>11:00</timp>
    <view>xml/view.php?id=2</view>
    <edit>xml/edit.php?id=2</edit>
    <delete>xml/delete.php?id=2</delete>
    <confirm>return confirm("Are you sure you want to delete this item?")</confirm>
    <back>../booking-history.php</back>
</date>

</root>
