<?xml version="1.0" encoding="UTF-8"?>
<root>
    <date><id>1</id><title>Programare Manichiura&#13;
</title><src>./images_XML/89e992c4e87534b5b76a7bbe03ec717cmani.jpg</src><view>view.php?id=1</view><edit>edit.php?id=1</edit><delete>delete.php?id=1</delete><confirm>return confirm("Are you sure you wantto delete this item?")</confirm><back>index.php</back></date><date><id>2</id><title>Programare Pedichiura </title><src>./images_XML/50e354e3553cc94f5043d30e53370160pedi.jpeg</src><view>view.php?id=2</view><edit>edit.php?id=2</edit><delete>delete.php?id=2</delete><confirm>return confirm("Are you sure you wantto delete this item?")</confirm><back>index.php</back></date><date><id>3</id><title>Programare Coafor</title><src>./images_XML/b417344feaf725e8563c7f386c8e3b49coafuri.jpg</src><view>view.php?id=3</view><edit>edit.php?id=3</edit><delete>delete.php?id=3</delete><confirm>return confirm("Are you sure you wantto delete this item?")</confirm><back>index.php</back></date></root>
