<?xml version="1.0" encoding="UTF-8"?>
<html xmlns="http://www.w3.org/1999/svg">
    <head>
        <title>MathML</title>
        <meta name="viewport" content="width=device-width, initial-scale=1.0"/>
    </head>

    <body>

     
        <math xmlns="http://www.w3.org/1998/Math/MathML" display="block">
            <mrow>
              <msup>
                <mrow>
                  <mo>(</mo>
                  <mn>1</mn>
                  <mo>+</mo>
                  <mi>x</mi>
                  <mo>)</mo>
                </mrow>
                <mi>r</mi>
              </msup>
              <mo>=</mo>
              <munderover>
                <mo>&#x2211;</mo> <!-- ∑ -->
                <mrow>
                  <mi>n</mi>
                  <mo>=</mo>
                  <mn>0</mn>
                </mrow>
                <mo>&#x221e;</mo> <!-- ∞ -->
              </munderover>
              <mrow>
                <mrow>
                  <mo>(</mo>
                  <mfrac>
                    <mrow>
                      <mi>r</mi>
                      <mo>(</mo>
                      <mi>r</mi>
                      <mo>&#x2212;</mo>
                      <mn>1</mn>
                      <mo>)</mo>
                      <mo>&#x2026;</mo>
                      <mo>(</mo>
                      <mi>r</mi>
                      <mo>&#x2212;</mo>
                      <mi>n</mi>
                      <mo>+</mo>
                      <mn>1</mn>
                      <mo>)</mo>
                    </mrow>
                    <mrow>
                      <mi>n</mi>
                      <mo>!</mo>
                    </mrow>
                  </mfrac>
                  <mo>)</mo>
                </mrow>
                <msup>
                  <mi>x</mi>
                  <mi>n</mi>
                </msup>
              </mrow>
            </mrow>
          </math>
          

        

    <svg width="200" height="480" xmlns="http://www.w3.org/2000/svg">
        <g>
        <circle cx="50" cy="50" r="40" stroke="green" stroke-width="4" fill="yellow" />
        </g>
    </svg>
        
      
</body>
</html>