<?xml version="1.0" encoding="UTF-8"?>
<root>


 

<date><id>1</id><nume>Armani</nume><descriere>Parfum barbatesc</descriere><cantitate>50 ml</cantitate><bucati>2</bucati><view>view.php?id=1</view><edit>edit.php?id=1</edit><delete>delete.php?id=1</delete><confirm>return confirm("Are you sure you want to delete this item?")</confirm><back>schema.php</back></date><date><id>2</id><nume>Sauvage</nume><descriere>Parfum barbatesc</descriere><cantitate>30 ml</cantitate><bucati>1</bucati><view>view.php?id=2</view><edit>edit.php?id=2</edit><delete>delete.php?id=2</delete><confirm>return confirm("Are you sure you want to delete this item?")</confirm><back>schema.php</back></date></root>
