<?xml version="1.0" encoding="UTF-8"?>
<html xmlns="http://www.w3.org/1999/svg">
    <head>
        <title>MathML</title>
        <meta name="viewport" content="width=device-width, initial-scale=1.0"/>
    </head>

    <body>

       <math display="block">
            <math xmlns="http://www.w3.org/1998/Math/MathML">
                <mi>e</mi><msup><mi>x</mi><mi> </mi></msup>
                <mo>=</mo>
                <munderover accent="false" accentunder="false">
                <mo>&#x2211;</mo>
                <mrow><mi>n</mi><mo>=</mo><mn>0</mn></mrow>
                <mi>&#x221e;</mi>
                </munderover>
                <mfrac>
                <mrow><mi>x</mi><msup><mi>n</mi><mn> </mn></msup></mrow>
                <mrow><mi>n</mi><mo>!</mo></mrow>
                </mfrac>
            </math>
        </math>

        

    <svg width="200" height="480" xmlns="http://www.w3.org/2000/svg">
        <g>
        <circle cx="50" cy="50" r="40" stroke="green" stroke-width="4" fill="yellow" />
        </g>
    </svg>
        
      
</body>
</html>