<?xml version="1.0" encoding="UTF-8"?>
<root>
    

<date><id>1</id><title>Valentino</title><src>./images_XML/f85a9f4f4ed3f97e6d2f407054dd81bfvalentino.jpg</src><view>view.php?id=1</view><edit>edit.php?id=1</edit><delete>delete.php?id=1</delete><confirm>return confirm("Are you sure you wantto delete this item?")</confirm><back>index.php</back></date><date><id>3</id><title>Sauvage</title><src>./images_XML/9e6c0366ab30e05fda38bcb1b6ab87b7sauvage.jpg</src><view>view.php?id=3</view><edit>edit.php?id=3</edit><delete>delete.php?id=3</delete><confirm>return confirm("Are you sure you wantto delete this item?")</confirm><back>index.php</back></date></root>
